case_id,defect_type,entity_type,severity,safe_to_auto_apply,defect_description,repair_action,explanation
SC_0001,invalid_parent_child,IfcSpace,high,True,IfcSpace 'Office' not aggregated into any storey,Aggregate space into storey 'Mezzanine',Spaces must belong to a storey for room-based analysis.
SC_0002,missing_property,IfcSlab,low,True,IfcSlab is missing 'ThermalTransmittance' in Pset_SlabCommon,Add property 'ThermalTransmittance' with default value to Pset_SlabCommon,ThermalTransmittance is required by IFC schema for IfcSlab. A safe default is applied.
SC_0003,broken_spatial_containment,IfcCurtainWall,high,True,IfcCurtainWall 'CurtainWall_383' is not contained in any IfcBuildingStorey,Create IfcRelContainedInSpatialStructure linking element to 'Level 03',Every physical element must be spatially contained for coordination.
SC_0004,invalid_parent_child,IfcSpace,high,True,IfcSpace 'Stairwell' not aggregated into any storey,Aggregate space into storey 'Level 05',Spaces must belong to a storey for room-based analysis.
SC_0005,missing_property,IfcWall,low,True,IfcWall is missing 'ExtendToStructure' in Pset_WallCommon,Add property 'ExtendToStructure' with default value to Pset_WallCommon,ExtendToStructure is required by IFC schema for IfcWall. A safe default is applied.
SC_0006,broken_spatial_containment,IfcStair,high,True,IfcStair 'Stair_460' is not contained in any IfcBuildingStorey,Create IfcRelContainedInSpatialStructure linking element to 'Level 03',Every physical element must be spatially contained for coordination.
SC_0007,invalid_reference,IfcCurtainWall,medium,False,IfcCurtainWall references a IfcCurtainWallType that does not exist in the model,Remove broken type reference or create missing IfcCurtainWallType,Orphan type references break downstream tools.
SC_0008,broken_spatial_containment,IfcSlab,high,True,IfcSlab 'Slab_079' is not contained in any IfcBuildingStorey,Create IfcRelContainedInSpatialStructure linking element to 'Level 03',Every physical element must be spatially contained for coordination.
SC_0009,missing_property,IfcBeam,high,True,IfcBeam is missing 'LoadBearing' in Pset_BeamCommon,Add property 'LoadBearing' with default value to Pset_BeamCommon,LoadBearing is required by IFC schema for IfcBeam. A safe default is applied.
SC_0010,missing_property,IfcRailing,low,True,IfcRailing is missing 'Height' in Pset_RailingCommon,Add property 'Height' with default value to Pset_RailingCommon,Height is required by IFC schema for IfcRailing. A safe default is applied.
SC_0011,invalid_reference,IfcDoor,medium,False,IfcDoor references a IfcDoorType that does not exist in the model,Remove broken type reference or create missing IfcDoorType,Orphan type references break downstream tools.
SC_0012,naming_inconsistency,IfcMember,low,True,IfcMember has None Name attribute,Set Name to 'Member_491',"All elements need unique, meaningful names for schedules and coordination."
SC_0013,naming_inconsistency,IfcSpace,medium,True,Multiple IfcSpace entities share name 'Space_001',Set Name to 'Space_150',"All elements need unique, meaningful names for schedules and coordination."
SC_0014,invalid_parent_child,IfcSpace,high,True,IfcSpace 'Parking' not aggregated into any storey,Aggregate space into storey 'Level 05',Spaces must belong to a storey for room-based analysis.
SC_0015,naming_inconsistency,IfcWall,low,True,IfcWall has empty Name attribute,Set Name to 'Wall_930',"All elements need unique, meaningful names for schedules and coordination."
SC_0016,invalid_parent_child,IfcSpace,high,True,IfcSpace 'Reception' not aggregated into any storey,Aggregate space into storey 'Level 03',Spaces must belong to a storey for room-based analysis.
SC_0017,missing_property,IfcCurtainWall,low,True,IfcCurtainWall is missing 'Reference' in Pset_CurtainWallCommon,Add property 'Reference' with default value to Pset_CurtainWallCommon,Reference is required by IFC schema for IfcCurtainWall. A safe default is applied.
SC_0018,wrong_level_assignment,IfcSpace,medium,False,IfcSpace 'Reception' assigned to 'Ground Floor' but elevation matches 'Level 03',Reassign space from 'Ground Floor' to 'Level 03' based on elevation,Space elevation should match its parent storey. Needs verification.
SC_0019,wrong_level_assignment,IfcDoor,medium,False,IfcDoor 'Door_730' at z=12.0m assigned to 'Level 05' instead of 'Level 02',Reassign from 'Level 05' to 'Level 02',Element placement doesn't match assigned storey elevation.
SC_0020,geometry_clash,IfcSlab,medium,False,Bounding-box clash between IfcSlab 'Slab_101' and IfcBeam 'Beam_735' (overlap 0.15m),Flag clash for manual resolution between Slab_101 and Beam_735,IfcSlab-IfcBeam intersection detected. Requires design review.
SC_0021,invalid_parent_child,IfcSpace,high,True,IfcSpace 'Lobby' not aggregated into any storey,Aggregate space into storey 'Level 05',Spaces must belong to a storey for room-based analysis.
SC_0022,missing_material,IfcPlate,medium,False,IfcPlate has no material association via IfcRelAssociatesMaterial,Flag for manual material assignment (suggested: Glass),Material needed for quantity takeoff and analysis. Suggested: Glass.
SC_0023,invalid_parent_child,IfcSpace,high,True,IfcSpace 'Server Room' not aggregated into any storey,Aggregate space into storey 'Ground Floor',Spaces must belong to a storey for room-based analysis.
SC_0024,wrong_level_assignment,IfcSpace,medium,False,IfcSpace 'Kitchen' assigned to 'Mezzanine' but elevation matches 'Penthouse',Reassign space from 'Mezzanine' to 'Penthouse' based on elevation,Space elevation should match its parent storey. Needs verification.
SC_0025,wrong_level_assignment,IfcWindow,medium,False,IfcWindow 'Window_251' at z=9.0m assigned to 'Level 02' instead of 'Level 01',Reassign from 'Level 02' to 'Level 01',Element placement doesn't match assigned storey elevation.
SC_0026,missing_material,IfcMember,medium,False,IfcMember has no material association via IfcRelAssociatesMaterial,Flag for manual material assignment (suggested: Masonry),Material needed for quantity takeoff and analysis. Suggested: Masonry.
SC_0027,naming_inconsistency,IfcCurtainWall,low,True,Multiple IfcCurtainWall entities share name 'CurtainWall_001',Set Name to 'CurtainWall_261',"All elements need unique, meaningful names for schedules and coordination."
SC_0028,invalid_parent_child,IfcSpace,high,True,IfcSpace 'Loading Dock' not aggregated into any storey,Aggregate space into storey 'Level 05',Spaces must belong to a storey for room-based analysis.
SC_0029,invalid_parent_child,IfcSpace,high,True,IfcSpace 'Meeting Room' not aggregated into any storey,Aggregate space into storey 'Ground Floor',Spaces must belong to a storey for room-based analysis.
SC_0030,broken_spatial_containment,IfcBeam,high,True,IfcBeam 'Beam_460' is not contained in any IfcBuildingStorey,Create IfcRelContainedInSpatialStructure linking element to 'Level 05',Every physical element must be spatially contained for coordination.
SC_0031,invalid_reference,IfcStair,low,True,IfcStair has OwnerHistory pointing to deleted entity,Reassign OwnerHistory to project default,Broken OwnerHistory causes export failures.
SC_0032,broken_spatial_containment,IfcSlab,high,True,IfcSlab 'Slab_155' is not contained in any IfcBuildingStorey,Create IfcRelContainedInSpatialStructure linking element to 'Penthouse',Every physical element must be spatially contained for coordination.
SC_0033,broken_spatial_containment,IfcBeam,high,True,IfcBeam 'Beam_392' is not contained in any IfcBuildingStorey,Create IfcRelContainedInSpatialStructure linking element to 'Level 04',Every physical element must be spatially contained for coordination.
SC_0034,geometry_clash,IfcSlab,medium,False,Bounding-box clash between IfcSlab 'Slab_213' and IfcWall 'Wall_693' (overlap 0.12m),Flag clash for manual resolution between Slab_213 and Wall_693,IfcSlab-IfcWall intersection detected. Requires design review.
SC_0035,broken_spatial_containment,IfcColumn,high,True,IfcColumn 'Column_019' is not contained in any IfcBuildingStorey,Create IfcRelContainedInSpatialStructure linking element to 'Penthouse',Every physical element must be spatially contained for coordination.
SC_0036,missing_property,IfcFooting,low,True,IfcFooting is missing 'Reference' in Pset_FootingCommon,Add property 'Reference' with default value to Pset_FootingCommon,Reference is required by IFC schema for IfcFooting. A safe default is applied.
SC_0037,geometry_clash,IfcColumn,high,False,Bounding-box clash between IfcColumn 'Column_385' and IfcColumn 'Column_627' (overlap 0.16m),Flag clash for manual resolution between Column_385 and Column_627,IfcColumn-IfcColumn intersection detected. Requires design review.
SC_0038,naming_inconsistency,IfcCurtainWall,low,True,IfcCurtainWall has empty Name attribute,Set Name to 'CurtainWall_501',"All elements need unique, meaningful names for schedules and coordination."
SC_0039,missing_property,IfcSlab,high,True,IfcSlab is missing 'LoadBearing' in Pset_SlabCommon,Add property 'LoadBearing' with default value to Pset_SlabCommon,LoadBearing is required by IFC schema for IfcSlab. A safe default is applied.
SC_0040,invalid_parent_child,IfcSpace,high,True,IfcSpace 'Elevator Shaft' not aggregated into any storey,Aggregate space into storey 'Roof Level',Spaces must belong to a storey for room-based analysis.
SC_0041,geometry_clash,IfcSlab,medium,False,Bounding-box clash between IfcSlab 'Slab_106' and IfcBeam 'Beam_643' (overlap 0.1m),Flag clash for manual resolution between Slab_106 and Beam_643,IfcSlab-IfcBeam intersection detected. Requires design review.
SC_0042,broken_spatial_containment,IfcColumn,high,True,IfcColumn 'Column_232' is not contained in any IfcBuildingStorey,Create IfcRelContainedInSpatialStructure linking element to 'Level 04',Every physical element must be spatially contained for coordination.
SC_0043,wrong_level_assignment,IfcWindow,medium,False,IfcWindow 'Window_601' at z=15.0m assigned to 'Level 05' instead of 'Level 03',Reassign from 'Level 05' to 'Level 03',Element placement doesn't match assigned storey elevation.
SC_0044,naming_inconsistency,IfcRamp,low,True,Multiple IfcRamp entities share name 'Ramp_001',Set Name to 'Ramp_775',"All elements need unique, meaningful names for schedules and coordination."
SC_0045,broken_spatial_containment,IfcStair,high,True,IfcStair 'Stair_040' is not contained in any IfcBuildingStorey,Create IfcRelContainedInSpatialStructure linking element to 'Penthouse',Every physical element must be spatially contained for coordination.
SC_0046,invalid_parent_child,IfcSpace,high,True,IfcSpace 'Bathroom' not aggregated into any storey,Aggregate space into storey 'Basement 1',Spaces must belong to a storey for room-based analysis.
SC_0047,geometry_clash,IfcWall,high,False,Bounding-box clash between IfcWall 'Wall_221' and IfcColumn 'Column_918' (overlap 0.22m),Flag clash for manual resolution between Wall_221 and Column_918,IfcWall-IfcColumn intersection detected. Requires design review.
SC_0048,missing_material,IfcPlate,medium,False,IfcPlate has no material association via IfcRelAssociatesMaterial,Flag for manual material assignment (suggested: Steel),Material needed for quantity takeoff and analysis. Suggested: Steel.
SC_0049,naming_inconsistency,IfcMember,low,True,Multiple IfcMember entities share name 'Member_001',Set Name to 'Member_330',"All elements need unique, meaningful names for schedules and coordination."
SC_0050,missing_material,IfcRoof,medium,False,IfcRoof has no material association via IfcRelAssociatesMaterial,Flag for manual material assignment (suggested: Steel),Material needed for quantity takeoff and analysis. Suggested: Steel.
SC_0051,naming_inconsistency,IfcBuildingStorey,medium,True,Multiple IfcBuildingStorey entities share name 'BuildingStorey_001',Set Name to 'BuildingStorey_472',"All elements need unique, meaningful names for schedules and coordination."
SC_0052,wrong_level_assignment,IfcSpace,medium,False,IfcSpace 'Office' assigned to 'Roof Level' but elevation matches 'Level 05',Reassign space from 'Roof Level' to 'Level 05' based on elevation,Space elevation should match its parent storey. Needs verification.
SC_0053,geometry_clash,IfcWall,high,False,Bounding-box clash between IfcWall 'Wall_055' and IfcColumn 'Column_570' (overlap 0.13m),Flag clash for manual resolution between Wall_055 and Column_570,IfcWall-IfcColumn intersection detected. Requires design review.
SC_0054,naming_inconsistency,IfcRamp,low,True,IfcRamp has empty Name attribute,Set Name to 'Ramp_083',"All elements need unique, meaningful names for schedules and coordination."
SC_0055,missing_material,IfcFooting,medium,False,IfcFooting has no material association via IfcRelAssociatesMaterial,Flag for manual material assignment (suggested: Brick),Material needed for quantity takeoff and analysis. Suggested: Brick.
SC_0056,missing_property,IfcSlab,low,True,IfcSlab is missing 'AcousticRating' in Pset_SlabCommon,Add property 'AcousticRating' with default value to Pset_SlabCommon,AcousticRating is required by IFC schema for IfcSlab. A safe default is applied.
SC_0057,broken_spatial_containment,IfcBeam,high,True,IfcBeam 'Beam_374' is not contained in any IfcBuildingStorey,Create IfcRelContainedInSpatialStructure linking element to 'Ground Floor',Every physical element must be spatially contained for coordination.
SC_0058,naming_inconsistency,IfcPile,low,True,IfcPile has None Name attribute,Set Name to 'Pile_308',"All elements need unique, meaningful names for schedules and coordination."
SC_0059,missing_property,IfcCurtainWall,low,True,IfcCurtainWall is missing 'ThermalTransmittance' in Pset_CurtainWallCommon,Add property 'ThermalTransmittance' with default value to Pset_CurtainWallCommon,ThermalTransmittance is required by IFC schema for IfcCurtainWall. A safe default is applied.
SC_0060,missing_property,IfcRamp,low,True,IfcRamp is missing 'HandicapAccessible' in Pset_RampCommon,Add property 'HandicapAccessible' with default value to Pset_RampCommon,HandicapAccessible is required by IFC schema for IfcRamp. A safe default is applied.
SC_0061,invalid_reference,IfcBeam,low,True,IfcBeam has OwnerHistory pointing to deleted entity,Reassign OwnerHistory to project default,Broken OwnerHistory causes export failures.
SC_0062,missing_material,IfcColumn,medium,False,IfcColumn has no material association via IfcRelAssociatesMaterial,Flag for manual material assignment (suggested: Aluminium),Material needed for quantity takeoff and analysis. Suggested: Aluminium.
SC_0063,broken_spatial_containment,IfcRailing,high,True,IfcRailing 'Railing_659' is not contained in any IfcBuildingStorey,Create IfcRelContainedInSpatialStructure linking element to 'Level 03',Every physical element must be spatially contained for coordination.
SC_0064,naming_inconsistency,IfcPlate,low,True,Multiple IfcPlate entities share name 'Plate_001',Set Name to 'Plate_742',"All elements need unique, meaningful names for schedules and coordination."
SC_0065,naming_inconsistency,IfcSlab,low,True,IfcSlab has empty Name attribute,Set Name to 'Slab_898',"All elements need unique, meaningful names for schedules and coordination."
SC_0066,broken_spatial_containment,IfcCurtainWall,high,True,IfcCurtainWall 'CurtainWall_568' is not contained in any IfcBuildingStorey,Create IfcRelContainedInSpatialStructure linking element to 'Level 02',Every physical element must be spatially contained for coordination.
SC_0067,invalid_parent_child,IfcSpace,high,True,IfcSpace 'Lobby' not aggregated into any storey,Aggregate space into storey 'Level 02',Spaces must belong to a storey for room-based analysis.
SC_0068,missing_property,IfcDoor,low,True,IfcDoor is missing 'AcousticRating' in Pset_DoorCommon,Add property 'AcousticRating' with default value to Pset_DoorCommon,AcousticRating is required by IFC schema for IfcDoor. A safe default is applied.
SC_0069,missing_property,IfcWindow,low,True,IfcWindow is missing 'AcousticRating' in Pset_WindowCommon,Add property 'AcousticRating' with default value to Pset_WindowCommon,AcousticRating is required by IFC schema for IfcWindow. A safe default is applied.
SC_0070,broken_spatial_containment,IfcColumn,high,True,IfcColumn 'Column_135' is not contained in any IfcBuildingStorey,Create IfcRelContainedInSpatialStructure linking element to 'Level 03',Every physical element must be spatially contained for coordination.
SC_0071,broken_spatial_containment,IfcCurtainWall,high,True,IfcCurtainWall 'CurtainWall_165' is not contained in any IfcBuildingStorey,Create IfcRelContainedInSpatialStructure linking element to 'Basement 2',Every physical element must be spatially contained for coordination.
SC_0072,naming_inconsistency,IfcPile,low,True,Multiple IfcPile entities share name 'Pile_001',Set Name to 'Pile_427',"All elements need unique, meaningful names for schedules and coordination."
SC_0073,wrong_level_assignment,IfcSpace,medium,False,IfcSpace 'Meeting Room' assigned to 'Level 03' but elevation matches 'Ground Floor',Reassign space from 'Level 03' to 'Ground Floor' based on elevation,Space elevation should match its parent storey. Needs verification.
SC_0074,invalid_reference,IfcWindow,medium,False,IfcWindow references a IfcWindowType that does not exist in the model,Remove broken type reference or create missing IfcWindowType,Orphan type references break downstream tools.
SC_0075,naming_inconsistency,IfcRoof,low,True,Multiple IfcRoof entities share name 'Roof_001',Set Name to 'Roof_590',"All elements need unique, meaningful names for schedules and coordination."
SC_0076,missing_property,IfcWindow,low,True,IfcWindow is missing 'Reference' in Pset_WindowCommon,Add property 'Reference' with default value to Pset_WindowCommon,Reference is required by IFC schema for IfcWindow. A safe default is applied.
SC_0077,naming_inconsistency,IfcWall,low,True,IfcWall has None Name attribute,Set Name to 'Wall_039',"All elements need unique, meaningful names for schedules and coordination."
SC_0078,invalid_parent_child,IfcSpace,high,True,IfcSpace 'Storage' not aggregated into any storey,Aggregate space into storey 'Ground Floor',Spaces must belong to a storey for room-based analysis.
SC_0079,naming_inconsistency,IfcColumn,low,True,Multiple IfcColumn entities share name 'Column_001',Set Name to 'Column_935',"All elements need unique, meaningful names for schedules and coordination."
SC_0080,naming_inconsistency,IfcStair,low,True,Multiple IfcStair entities share name 'Stair_001',Set Name to 'Stair_431',"All elements need unique, meaningful names for schedules and coordination."
SC_0081,broken_spatial_containment,IfcStair,high,True,IfcStair 'Stair_963' is not contained in any IfcBuildingStorey,Create IfcRelContainedInSpatialStructure linking element to 'Ground Floor',Every physical element must be spatially contained for coordination.
SC_0082,missing_property,IfcBeam,low,True,IfcBeam is missing 'Reference' in Pset_BeamCommon,Add property 'Reference' with default value to Pset_BeamCommon,Reference is required by IFC schema for IfcBeam. A safe default is applied.
SC_0083,missing_property,IfcFooting,high,True,IfcFooting is missing 'LoadBearing' in Pset_FootingCommon,Add property 'LoadBearing' with default value to Pset_FootingCommon,LoadBearing is required by IFC schema for IfcFooting. A safe default is applied.
SC_0084,broken_spatial_containment,IfcWall,high,True,IfcWall 'Wall_476' is not contained in any IfcBuildingStorey,Create IfcRelContainedInSpatialStructure linking element to 'Basement 1',Every physical element must be spatially contained for coordination.
SC_0085,invalid_reference,IfcColumn,medium,False,IfcColumn references a IfcColumnType that does not exist in the model,Remove broken type reference or create missing IfcColumnType,Orphan type references break downstream tools.
SC_0086,missing_property,IfcRoof,low,True,IfcRoof is missing 'ThermalTransmittance' in Pset_RoofCommon,Add property 'ThermalTransmittance' with default value to Pset_RoofCommon,ThermalTransmittance is required by IFC schema for IfcRoof. A safe default is applied.
SC_0087,invalid_parent_child,IfcSpace,high,True,IfcSpace 'Parking' not aggregated into any storey,Aggregate space into storey 'Basement 2',Spaces must belong to a storey for room-based analysis.
SC_0088,invalid_parent_child,IfcSpace,high,True,IfcSpace 'Reception' not aggregated into any storey,Aggregate space into storey 'Level 05',Spaces must belong to a storey for room-based analysis.
SC_0089,invalid_parent_child,IfcSpace,high,True,IfcSpace 'Office' not aggregated into any storey,Aggregate space into storey 'Level 05',Spaces must belong to a storey for room-based analysis.
SC_0090,invalid_parent_child,IfcSpace,high,True,IfcSpace 'Corridor' not aggregated into any storey,Aggregate space into storey 'Mezzanine',Spaces must belong to a storey for room-based analysis.
SC_0091,missing_property,IfcWall,medium,True,IfcWall is missing 'FireRating' in Pset_WallCommon,Add property 'FireRating' with default value to Pset_WallCommon,FireRating is required by IFC schema for IfcWall. A safe default is applied.
SC_0092,naming_inconsistency,IfcRailing,low,True,IfcRailing has empty Name attribute,Set Name to 'Railing_844',"All elements need unique, meaningful names for schedules and coordination."
SC_0093,naming_inconsistency,IfcColumn,low,True,IfcColumn has None Name attribute,Set Name to 'Column_137',"All elements need unique, meaningful names for schedules and coordination."
SC_0094,disconnected_storey,IfcBuildingStorey,critical,True,IfcBuildingStorey 'Basement 2' not aggregated into any IfcBuilding,Create IfcRelAggregates linking storey to building,Storeys must be children of a building in the spatial hierarchy.
SC_0095,naming_inconsistency,IfcSlab,low,True,IfcSlab has None Name attribute,Set Name to 'Slab_466',"All elements need unique, meaningful names for schedules and coordination."
SC_0096,broken_spatial_containment,IfcRailing,high,True,IfcRailing 'Railing_811' is not contained in any IfcBuildingStorey,Create IfcRelContainedInSpatialStructure linking element to 'Penthouse',Every physical element must be spatially contained for coordination.
SC_0097,missing_property,IfcDoor,low,True,IfcDoor is missing 'SelfClosing' in Pset_DoorCommon,Add property 'SelfClosing' with default value to Pset_DoorCommon,SelfClosing is required by IFC schema for IfcDoor. A safe default is applied.
SC_0098,naming_inconsistency,IfcRoof,low,True,IfcRoof has None Name attribute,Set Name to 'Roof_885',"All elements need unique, meaningful names for schedules and coordination."
SC_0099,missing_property,IfcDoor,medium,True,IfcDoor is missing 'FireRating' in Pset_DoorCommon,Add property 'FireRating' with default value to Pset_DoorCommon,FireRating is required by IFC schema for IfcDoor. A safe default is applied.
SC_0100,missing_property,IfcStair,medium,True,IfcStair is missing 'FireRating' in Pset_StairCommon,Add property 'FireRating' with default value to Pset_StairCommon,FireRating is required by IFC schema for IfcStair. A safe default is applied.
SC_0101,missing_material,IfcCurtainWall,medium,False,IfcCurtainWall has no material association via IfcRelAssociatesMaterial,Flag for manual material assignment (suggested: Composite),Material needed for quantity takeoff and analysis. Suggested: Composite.
SC_0102,missing_material,IfcCurtainWall,medium,False,IfcCurtainWall has no material association via IfcRelAssociatesMaterial,Flag for manual material assignment (suggested: Concrete),Material needed for quantity takeoff and analysis. Suggested: Concrete.
SC_0103,invalid_parent_child,IfcSpace,high,True,IfcSpace 'Stairwell' not aggregated into any storey,Aggregate space into storey 'Roof Level',Spaces must belong to a storey for room-based analysis.
SC_0104,invalid_reference,IfcWall,medium,False,IfcWall references a IfcWallType that does not exist in the model,Remove broken type reference or create missing IfcWallType,Orphan type references break downstream tools.
SC_0105,broken_spatial_containment,IfcWall,high,True,IfcWall 'Wall_982' is not contained in any IfcBuildingStorey,Create IfcRelContainedInSpatialStructure linking element to 'Level 03',Every physical element must be spatially contained for coordination.
SC_0106,wrong_level_assignment,IfcColumn,medium,False,IfcColumn 'Column_524' at z=21.0m assigned to 'Roof Level' instead of 'Level 05',Reassign from 'Roof Level' to 'Level 05',Element placement doesn't match assigned storey elevation.
SC_0107,invalid_parent_child,IfcSpace,high,True,IfcSpace 'Plant Room' not aggregated into any storey,Aggregate space into storey 'Level 04',Spaces must belong to a storey for room-based analysis.
SC_0108,wrong_level_assignment,IfcSpace,medium,False,IfcSpace 'Loading Dock' assigned to 'Penthouse' but elevation matches 'Level 01',Reassign space from 'Penthouse' to 'Level 01' based on elevation,Space elevation should match its parent storey. Needs verification.
SC_0109,broken_spatial_containment,IfcWindow,high,True,IfcWindow 'Window_680' is not contained in any IfcBuildingStorey,Create IfcRelContainedInSpatialStructure linking element to 'Level 04',Every physical element must be spatially contained for coordination.
SC_0110,wrong_level_assignment,IfcSpace,medium,False,IfcSpace 'Lobby' assigned to 'Ground Floor' but elevation matches 'Level 05',Reassign space from 'Ground Floor' to 'Level 05' based on elevation,Space elevation should match its parent storey. Needs verification.
SC_0111,disconnected_storey,IfcBuildingStorey,critical,True,IfcBuildingStorey 'Level 01' not aggregated into any IfcBuilding,Create IfcRelAggregates linking storey to building,Storeys must be children of a building in the spatial hierarchy.
SC_0112,broken_spatial_containment,IfcDoor,high,True,IfcDoor 'Door_537' is not contained in any IfcBuildingStorey,Create IfcRelContainedInSpatialStructure linking element to 'Level 03',Every physical element must be spatially contained for coordination.
SC_0113,wrong_level_assignment,IfcWall,medium,False,IfcWall 'Wall_662' at z=18.0m assigned to 'Mezzanine' instead of 'Level 04',Reassign from 'Mezzanine' to 'Level 04',Element placement doesn't match assigned storey elevation.
SC_0114,geometry_clash,IfcWall,medium,False,Bounding-box clash between IfcWall 'Wall_350' and IfcBeam 'Beam_894' (overlap 0.12m),Flag clash for manual resolution between Wall_350 and Beam_894,IfcWall-IfcBeam intersection detected. Requires design review.
SC_0115,wrong_level_assignment,IfcSpace,medium,False,IfcSpace 'Kitchen' assigned to 'Level 02' but elevation matches 'Roof Level',Reassign space from 'Level 02' to 'Roof Level' based on elevation,Space elevation should match its parent storey. Needs verification.
SC_0116,wrong_level_assignment,IfcSpace,medium,False,IfcSpace 'Bathroom' assigned to 'Basement 1' but elevation matches 'Level 01',Reassign space from 'Basement 1' to 'Level 01' based on elevation,Space elevation should match its parent storey. Needs verification.
SC_0117,missing_property,IfcRamp,low,True,IfcRamp is missing 'Reference' in Pset_RampCommon,Add property 'Reference' with default value to Pset_RampCommon,Reference is required by IFC schema for IfcRamp. A safe default is applied.
SC_0118,missing_material,IfcBeam,medium,False,IfcBeam has no material association via IfcRelAssociatesMaterial,Flag for manual material assignment (suggested: Concrete),Material needed for quantity takeoff and analysis. Suggested: Concrete.
SC_0119,geometry_clash,IfcWall,medium,False,Bounding-box clash between IfcWall 'Wall_420' and IfcBeam 'Beam_935' (overlap 0.21m),Flag clash for manual resolution between Wall_420 and Beam_935,IfcWall-IfcBeam intersection detected. Requires design review.
SC_0120,invalid_reference,IfcWall,low,True,IfcWall has OwnerHistory pointing to deleted entity,Reassign OwnerHistory to project default,Broken OwnerHistory causes export failures.
SC_0121,wrong_level_assignment,IfcWindow,medium,False,IfcWindow 'Window_013' at z=6.0m assigned to 'Level 01' instead of 'Ground Floor',Reassign from 'Level 01' to 'Ground Floor',Element placement doesn't match assigned storey elevation.
SC_0122,naming_inconsistency,IfcStair,low,True,IfcStair has empty Name attribute,Set Name to 'Stair_066',"All elements need unique, meaningful names for schedules and coordination."
SC_0123,missing_property,IfcCurtainWall,medium,True,IfcCurtainWall is missing 'FireRating' in Pset_CurtainWallCommon,Add property 'FireRating' with default value to Pset_CurtainWallCommon,FireRating is required by IFC schema for IfcCurtainWall. A safe default is applied.
SC_0124,wrong_level_assignment,IfcDoor,medium,False,IfcDoor 'Door_285' at z=27.0m assigned to 'Penthouse' instead of 'Roof Level',Reassign from 'Penthouse' to 'Roof Level',Element placement doesn't match assigned storey elevation.
SC_0125,missing_property,IfcStair,low,True,IfcStair is missing 'HandicapAccessible' in Pset_StairCommon,Add property 'HandicapAccessible' with default value to Pset_StairCommon,HandicapAccessible is required by IFC schema for IfcStair. A safe default is applied.
SC_0126,broken_spatial_containment,IfcColumn,high,True,IfcColumn 'Column_553' is not contained in any IfcBuildingStorey,Create IfcRelContainedInSpatialStructure linking element to 'Mezzanine',Every physical element must be spatially contained for coordination.
SC_0127,missing_property,IfcCurtainWall,low,True,IfcCurtainWall is missing 'AcousticRating' in Pset_CurtainWallCommon,Add property 'AcousticRating' with default value to Pset_CurtainWallCommon,AcousticRating is required by IFC schema for IfcCurtainWall. A safe default is applied.
SC_0128,naming_inconsistency,IfcBuildingStorey,medium,True,IfcBuildingStorey has empty Name attribute,Set Name to 'BuildingStorey_201',"All elements need unique, meaningful names for schedules and coordination."
SC_0129,invalid_reference,IfcWindow,low,True,IfcWindow has OwnerHistory pointing to deleted entity,Reassign OwnerHistory to project default,Broken OwnerHistory causes export failures.
SC_0130,naming_inconsistency,IfcPlate,low,True,IfcPlate has None Name attribute,Set Name to 'Plate_387',"All elements need unique, meaningful names for schedules and coordination."
SC_0131,disconnected_storey,IfcBuildingStorey,critical,True,IfcBuildingStorey 'Basement 1' not aggregated into any IfcBuilding,Create IfcRelAggregates linking storey to building,Storeys must be children of a building in the spatial hierarchy.
SC_0132,missing_property,IfcBeam,low,True,IfcBeam is missing 'Span' in Pset_BeamCommon,Add property 'Span' with default value to Pset_BeamCommon,Span is required by IFC schema for IfcBeam. A safe default is applied.
SC_0133,geometry_clash,IfcColumn,high,False,Bounding-box clash between IfcColumn 'Column_400' and IfcColumn 'Column_735' (overlap 0.12m),Flag clash for manual resolution between Column_400 and Column_735,IfcColumn-IfcColumn intersection detected. Requires design review.
SC_0134,invalid_parent_child,IfcSpace,high,True,IfcSpace 'Plant Room' not aggregated into any storey,Aggregate space into storey 'Level 03',Spaces must belong to a storey for room-based analysis.
SC_0135,invalid_parent_child,IfcSpace,high,True,IfcSpace 'Mechanical Room' not aggregated into any storey,Aggregate space into storey 'Level 02',Spaces must belong to a storey for room-based analysis.
SC_0136,wrong_level_assignment,IfcSpace,medium,False,IfcSpace 'Storage' assigned to 'Mezzanine' but elevation matches 'Ground Floor',Reassign space from 'Mezzanine' to 'Ground Floor' based on elevation,Space elevation should match its parent storey. Needs verification.
SC_0137,broken_spatial_containment,IfcWindow,high,True,IfcWindow 'Window_131' is not contained in any IfcBuildingStorey,Create IfcRelContainedInSpatialStructure linking element to 'Penthouse',Every physical element must be spatially contained for coordination.
SC_0138,invalid_parent_child,IfcSpace,high,True,IfcSpace 'Loading Dock' not aggregated into any storey,Aggregate space into storey 'Level 01',Spaces must belong to a storey for room-based analysis.
SC_0139,missing_property,IfcWindow,low,True,IfcWindow is missing 'SmokeStop' in Pset_WindowCommon,Add property 'SmokeStop' with default value to Pset_WindowCommon,SmokeStop is required by IFC schema for IfcWindow. A safe default is applied.
SC_0140,disconnected_storey,IfcBuildingStorey,critical,True,IfcBuildingStorey 'Level 02' not aggregated into any IfcBuilding,Create IfcRelAggregates linking storey to building,Storeys must be children of a building in the spatial hierarchy.
SC_0141,missing_material,IfcWall,medium,False,IfcWall has no material association via IfcRelAssociatesMaterial,Flag for manual material assignment (suggested: Concrete),Material needed for quantity takeoff and analysis. Suggested: Concrete.
SC_0142,missing_property,IfcSlab,low,True,IfcSlab is missing 'PitchAngle' in Pset_SlabCommon,Add property 'PitchAngle' with default value to Pset_SlabCommon,PitchAngle is required by IFC schema for IfcSlab. A safe default is applied.
SC_0143,missing_property,IfcWall,low,True,IfcWall is missing 'AcousticRating' in Pset_WallCommon,Add property 'AcousticRating' with default value to Pset_WallCommon,AcousticRating is required by IFC schema for IfcWall. A safe default is applied.
SC_0144,invalid_reference,IfcBeam,medium,False,IfcBeam references a IfcBeamType that does not exist in the model,Remove broken type reference or create missing IfcBeamType,Orphan type references break downstream tools.
SC_0145,wrong_level_assignment,IfcSpace,medium,False,IfcSpace 'Elevator Shaft' assigned to 'Basement 1' but elevation matches 'Basement 2',Reassign space from 'Basement 1' to 'Basement 2' based on elevation,Space elevation should match its parent storey. Needs verification.
SC_0146,geometry_clash,IfcWindow,high,False,Bounding-box clash between IfcWindow 'Window_249' and IfcColumn 'Column_570' (overlap 0.17m),Flag clash for manual resolution between Window_249 and Column_570,IfcWindow-IfcColumn intersection detected. Requires design review.
SC_0147,missing_material,IfcSlab,medium,False,IfcSlab has no material association via IfcRelAssociatesMaterial,Flag for manual material assignment (suggested: Concrete),Material needed for quantity takeoff and analysis. Suggested: Concrete.
SC_0148,geometry_clash,IfcDoor,medium,False,Bounding-box clash between IfcDoor 'Door_303' and IfcWall 'Wall_544' (overlap 0.09m),Flag clash for manual resolution between Door_303 and Wall_544,IfcDoor-IfcWall intersection detected. Requires design review.
SC_0149,missing_property,IfcStair,medium,True,IfcStair is missing 'IsExternal' in Pset_StairCommon,Add property 'IsExternal' with default value to Pset_StairCommon,IsExternal is required by IFC schema for IfcStair. A safe default is applied.
SC_0150,naming_inconsistency,IfcPlate,low,True,IfcPlate has empty Name attribute,Set Name to 'Plate_945',"All elements need unique, meaningful names for schedules and coordination."
SC_0151,missing_property,IfcRamp,medium,True,IfcRamp is missing 'IsExternal' in Pset_RampCommon,Add property 'IsExternal' with default value to Pset_RampCommon,IsExternal is required by IFC schema for IfcRamp. A safe default is applied.
SC_0152,naming_inconsistency,IfcMember,low,True,IfcMember has empty Name attribute,Set Name to 'Member_931',"All elements need unique, meaningful names for schedules and coordination."
SC_0153,geometry_clash,IfcWall,medium,False,Bounding-box clash between IfcWall 'Wall_495' and IfcWall 'Wall_908' (overlap 0.2m),Flag clash for manual resolution between Wall_495 and Wall_908,IfcWall-IfcWall intersection detected. Requires design review.
SC_0154,missing_property,IfcWindow,low,True,IfcWindow is missing 'GlazingAreaFraction' in Pset_WindowCommon,Add property 'GlazingAreaFraction' with default value to Pset_WindowCommon,GlazingAreaFraction is required by IFC schema for IfcWindow. A safe default is applied.
SC_0155,geometry_clash,IfcWall,medium,False,Bounding-box clash between IfcWall 'Wall_316' and IfcDoor 'Door_572' (overlap 0.2m),Flag clash for manual resolution between Wall_316 and Door_572,IfcWall-IfcDoor intersection detected. Requires design review.
SC_0156,invalid_reference,IfcSlab,medium,False,IfcSlab references a IfcSlabType that does not exist in the model,Remove broken type reference or create missing IfcSlabType,Orphan type references break downstream tools.
SC_0157,naming_inconsistency,IfcSlab,low,True,Multiple IfcSlab entities share name 'Slab_001',Set Name to 'Slab_480',"All elements need unique, meaningful names for schedules and coordination."
SC_0158,missing_material,IfcWall,medium,False,IfcWall has no material association via IfcRelAssociatesMaterial,Flag for manual material assignment (suggested: Composite),Material needed for quantity takeoff and analysis. Suggested: Composite.
SC_0159,geometry_clash,IfcWall,medium,False,Bounding-box clash between IfcWall 'Wall_167' and IfcBeam 'Beam_693' (overlap 0.3m),Flag clash for manual resolution between Wall_167 and Beam_693,IfcWall-IfcBeam intersection detected. Requires design review.
SC_0160,invalid_parent_child,IfcSpace,high,True,IfcSpace 'Kitchen' not aggregated into any storey,Aggregate space into storey 'Penthouse',Spaces must belong to a storey for room-based analysis.
SC_0161,invalid_parent_child,IfcSpace,high,True,IfcSpace 'Kitchen' not aggregated into any storey,Aggregate space into storey 'Roof Level',Spaces must belong to a storey for room-based analysis.
SC_0162,naming_inconsistency,IfcDoor,low,True,IfcDoor has None Name attribute,Set Name to 'Door_180',"All elements need unique, meaningful names for schedules and coordination."
SC_0163,broken_spatial_containment,IfcRamp,high,True,IfcRamp 'Ramp_977' is not contained in any IfcBuildingStorey,Create IfcRelContainedInSpatialStructure linking element to 'Mezzanine',Every physical element must be spatially contained for coordination.
SC_0164,missing_property,IfcWall,low,True,IfcWall is missing 'SurfaceSpreadOfFlame' in Pset_WallCommon,Add property 'SurfaceSpreadOfFlame' with default value to Pset_WallCommon,SurfaceSpreadOfFlame is required by IFC schema for IfcWall. A safe default is applied.
SC_0165,geometry_clash,IfcWindow,high,False,Bounding-box clash between IfcWindow 'Window_251' and IfcColumn 'Column_586' (overlap 0.18m),Flag clash for manual resolution between Window_251 and Column_586,IfcWindow-IfcColumn intersection detected. Requires design review.
SC_0166,wrong_level_assignment,IfcWall,medium,False,IfcWall 'Wall_609' at z=21.0m assigned to 'Penthouse' instead of 'Level 05',Reassign from 'Penthouse' to 'Level 05',Element placement doesn't match assigned storey elevation.
SC_0167,invalid_reference,IfcStair,medium,False,IfcStair references a IfcStairType that does not exist in the model,Remove broken type reference or create missing IfcStairType,Orphan type references break downstream tools.
SC_0168,geometry_clash,IfcSlab,high,False,Bounding-box clash between IfcSlab 'Slab_279' and IfcColumn 'Column_519' (overlap 0.07m),Flag clash for manual resolution between Slab_279 and Column_519,IfcSlab-IfcColumn intersection detected. Requires design review.
SC_0169,wrong_level_assignment,IfcSpace,medium,False,IfcSpace 'Stairwell' assigned to 'Basement 2' but elevation matches 'Level 05',Reassign space from 'Basement 2' to 'Level 05' based on elevation,Space elevation should match its parent storey. Needs verification.
SC_0170,broken_spatial_containment,IfcRamp,high,True,IfcRamp 'Ramp_648' is not contained in any IfcBuildingStorey,Create IfcRelContainedInSpatialStructure linking element to 'Level 05',Every physical element must be spatially contained for coordination.
SC_0171,naming_inconsistency,IfcWindow,low,True,IfcWindow has empty Name attribute,Set Name to 'Window_268',"All elements need unique, meaningful names for schedules and coordination."
SC_0172,missing_property,IfcRoof,low,True,IfcRoof is missing 'ProjectedArea' in Pset_RoofCommon,Add property 'ProjectedArea' with default value to Pset_RoofCommon,ProjectedArea is required by IFC schema for IfcRoof. A safe default is applied.
SC_0173,missing_material,IfcFooting,medium,False,IfcFooting has no material association via IfcRelAssociatesMaterial,Flag for manual material assignment (suggested: Stone),Material needed for quantity takeoff and analysis. Suggested: Stone.
SC_0174,missing_property,IfcColumn,low,True,IfcColumn is missing 'Slope' in Pset_ColumnCommon,Add property 'Slope' with default value to Pset_ColumnCommon,Slope is required by IFC schema for IfcColumn. A safe default is applied.
SC_0175,naming_inconsistency,IfcRoof,low,True,IfcRoof has empty Name attribute,Set Name to 'Roof_894',"All elements need unique, meaningful names for schedules and coordination."
SC_0176,missing_property,IfcRamp,medium,True,IfcRamp is missing 'FireRating' in Pset_RampCommon,Add property 'FireRating' with default value to Pset_RampCommon,FireRating is required by IFC schema for IfcRamp. A safe default is applied.
SC_0177,missing_property,IfcSlab,medium,True,IfcSlab is missing 'IsExternal' in Pset_SlabCommon,Add property 'IsExternal' with default value to Pset_SlabCommon,IsExternal is required by IFC schema for IfcSlab. A safe default is applied.
SC_0178,invalid_parent_child,IfcSpace,high,True,IfcSpace 'Storage' not aggregated into any storey,Aggregate space into storey 'Level 03',Spaces must belong to a storey for room-based analysis.
SC_0179,invalid_parent_child,IfcSpace,high,True,IfcSpace 'Mechanical Room' not aggregated into any storey,Aggregate space into storey 'Ground Floor',Spaces must belong to a storey for room-based analysis.
SC_0180,geometry_clash,IfcWall,medium,False,Bounding-box clash between IfcWall 'Wall_114' and IfcWall 'Wall_729' (overlap 0.3m),Flag clash for manual resolution between Wall_114 and Wall_729,IfcWall-IfcWall intersection detected. Requires design review.
SC_0181,wrong_level_assignment,IfcSpace,medium,False,IfcSpace 'Loading Dock' assigned to 'Level 02' but elevation matches 'Level 05',Reassign space from 'Level 02' to 'Level 05' based on elevation,Space elevation should match its parent storey. Needs verification.
SC_0182,missing_property,IfcBeam,medium,True,IfcBeam is missing 'FireRating' in Pset_BeamCommon,Add property 'FireRating' with default value to Pset_BeamCommon,FireRating is required by IFC schema for IfcBeam. A safe default is applied.
SC_0183,geometry_clash,IfcBeam,medium,False,Bounding-box clash between IfcBeam 'Beam_415' and IfcBeam 'Beam_864' (overlap 0.3m),Flag clash for manual resolution between Beam_415 and Beam_864,IfcBeam-IfcBeam intersection detected. Requires design review.
SC_0184,missing_material,IfcSlab,medium,False,IfcSlab has no material association via IfcRelAssociatesMaterial,Flag for manual material assignment (suggested: Gypsum),Material needed for quantity takeoff and analysis. Suggested: Gypsum.
SC_0185,missing_property,IfcRailing,low,True,IfcRailing is missing 'Reference' in Pset_RailingCommon,Add property 'Reference' with default value to Pset_RailingCommon,Reference is required by IFC schema for IfcRailing. A safe default is applied.
SC_0186,disconnected_storey,IfcBuildingStorey,critical,True,IfcBuildingStorey 'Roof Level' not aggregated into any IfcBuilding,Create IfcRelAggregates linking storey to building,Storeys must be children of a building in the spatial hierarchy.
SC_0187,broken_spatial_containment,IfcDoor,high,True,IfcDoor 'Door_732' is not contained in any IfcBuildingStorey,Create IfcRelContainedInSpatialStructure linking element to 'Level 01',Every physical element must be spatially contained for coordination.
SC_0188,naming_inconsistency,IfcBeam,low,True,IfcBeam has empty Name attribute,Set Name to 'Beam_773',"All elements need unique, meaningful names for schedules and coordination."
SC_0189,wrong_level_assignment,IfcColumn,medium,False,IfcColumn 'Column_827' at z=0.0m assigned to 'Ground Floor' instead of 'Basement 2',Reassign from 'Ground Floor' to 'Basement 2',Element placement doesn't match assigned storey elevation.
SC_0190,geometry_clash,IfcBeam,high,False,Bounding-box clash between IfcBeam 'Beam_233' and IfcColumn 'Column_987' (overlap 0.29m),Flag clash for manual resolution between Beam_233 and Column_987,IfcBeam-IfcColumn intersection detected. Requires design review.
SC_0191,wrong_level_assignment,IfcSpace,medium,False,IfcSpace 'Bathroom' assigned to 'Roof Level' but elevation matches 'Basement 1',Reassign space from 'Roof Level' to 'Basement 1' based on elevation,Space elevation should match its parent storey. Needs verification.
SC_0192,missing_property,IfcWindow,low,True,IfcWindow is missing 'ThermalTransmittance' in Pset_WindowCommon,Add property 'ThermalTransmittance' with default value to Pset_WindowCommon,ThermalTransmittance is required by IFC schema for IfcWindow. A safe default is applied.
SC_0193,broken_spatial_containment,IfcRamp,high,True,IfcRamp 'Ramp_482' is not contained in any IfcBuildingStorey,Create IfcRelContainedInSpatialStructure linking element to 'Basement 2',Every physical element must be spatially contained for coordination.
SC_0194,naming_inconsistency,IfcFooting,low,True,Multiple IfcFooting entities share name 'Footing_001',Set Name to 'Footing_996',"All elements need unique, meaningful names for schedules and coordination."
SC_0195,geometry_clash,IfcSlab,medium,False,Bounding-box clash between IfcSlab 'Slab_075' and IfcWall 'Wall_865' (overlap 0.21m),Flag clash for manual resolution between Slab_075 and Wall_865,IfcSlab-IfcWall intersection detected. Requires design review.
SC_0196,naming_inconsistency,IfcRailing,low,True,IfcRailing has None Name attribute,Set Name to 'Railing_784',"All elements need unique, meaningful names for schedules and coordination."
SC_0197,missing_property,IfcBeam,low,True,IfcBeam is missing 'Slope' in Pset_BeamCommon,Add property 'Slope' with default value to Pset_BeamCommon,Slope is required by IFC schema for IfcBeam. A safe default is applied.
SC_0198,naming_inconsistency,IfcStair,low,True,IfcStair has None Name attribute,Set Name to 'Stair_294',"All elements need unique, meaningful names for schedules and coordination."
SC_0199,invalid_reference,IfcSlab,low,True,IfcSlab has OwnerHistory pointing to deleted entity,Reassign OwnerHistory to project default,Broken OwnerHistory causes export failures.
SC_0200,missing_property,IfcWindow,medium,True,IfcWindow is missing 'IsExternal' in Pset_WindowCommon,Add property 'IsExternal' with default value to Pset_WindowCommon,IsExternal is required by IFC schema for IfcWindow. A safe default is applied.
SC_0201,geometry_clash,IfcDoor,medium,False,Bounding-box clash between IfcDoor 'Door_301' and IfcWall 'Wall_559' (overlap 0.12m),Flag clash for manual resolution between Door_301 and Wall_559,IfcDoor-IfcWall intersection detected. Requires design review.
SC_0202,naming_inconsistency,IfcBeam,low,True,Multiple IfcBeam entities share name 'Beam_001',Set Name to 'Beam_154',"All elements need unique, meaningful names for schedules and coordination."
SC_0203,naming_inconsistency,IfcCurtainWall,low,True,IfcCurtainWall has None Name attribute,Set Name to 'CurtainWall_468',"All elements need unique, meaningful names for schedules and coordination."
SC_0204,geometry_clash,IfcSlab,medium,False,Bounding-box clash between IfcSlab 'Slab_328' and IfcBeam 'Beam_837' (overlap 0.15m),Flag clash for manual resolution between Slab_328 and Beam_837,IfcSlab-IfcBeam intersection detected. Requires design review.
SC_0205,missing_property,IfcStair,low,True,IfcStair is missing 'Reference' in Pset_StairCommon,Add property 'Reference' with default value to Pset_StairCommon,Reference is required by IFC schema for IfcStair. A safe default is applied.
SC_0206,naming_inconsistency,IfcSpace,medium,True,IfcSpace has empty Name attribute,Set Name to 'Space_526',"All elements need unique, meaningful names for schedules and coordination."
SC_0207,missing_material,IfcCurtainWall,medium,False,IfcCurtainWall has no material association via IfcRelAssociatesMaterial,Flag for manual material assignment (suggested: Glass),Material needed for quantity takeoff and analysis. Suggested: Glass.
SC_0208,broken_spatial_containment,IfcWall,high,True,IfcWall 'Wall_523' is not contained in any IfcBuildingStorey,Create IfcRelContainedInSpatialStructure linking element to 'Level 01',Every physical element must be spatially contained for coordination.
SC_0209,disconnected_storey,IfcBuildingStorey,critical,True,IfcBuildingStorey 'Level 04' not aggregated into any IfcBuilding,Create IfcRelAggregates linking storey to building,Storeys must be children of a building in the spatial hierarchy.
SC_0210,broken_spatial_containment,IfcWindow,high,True,IfcWindow 'Window_742' is not contained in any IfcBuildingStorey,Create IfcRelContainedInSpatialStructure linking element to 'Mezzanine',Every physical element must be spatially contained for coordination.
SC_0211,broken_spatial_containment,IfcWindow,high,True,IfcWindow 'Window_610' is not contained in any IfcBuildingStorey,Create IfcRelContainedInSpatialStructure linking element to 'Level 02',Every physical element must be spatially contained for coordination.
SC_0212,geometry_clash,IfcBeam,medium,False,Bounding-box clash between IfcBeam 'Beam_265' and IfcBeam 'Beam_590' (overlap 0.21m),Flag clash for manual resolution between Beam_265 and Beam_590,IfcBeam-IfcBeam intersection detected. Requires design review.
SC_0213,geometry_clash,IfcWall,medium,False,Bounding-box clash between IfcWall 'Wall_398' and IfcDoor 'Door_916' (overlap 0.21m),Flag clash for manual resolution between Wall_398 and Door_916,IfcWall-IfcDoor intersection detected. Requires design review.
SC_0214,naming_inconsistency,IfcSpace,medium,True,IfcSpace has None Name attribute,Set Name to 'Space_328',"All elements need unique, meaningful names for schedules and coordination."
SC_0215,geometry_clash,IfcWall,medium,False,Bounding-box clash between IfcWall 'Wall_166' and IfcDoor 'Door_861' (overlap 0.25m),Flag clash for manual resolution between Wall_166 and Door_861,IfcWall-IfcDoor intersection detected. Requires design review.
SC_0216,broken_spatial_containment,IfcDoor,high,True,IfcDoor 'Door_347' is not contained in any IfcBuildingStorey,Create IfcRelContainedInSpatialStructure linking element to 'Level 05',Every physical element must be spatially contained for coordination.
SC_0217,missing_property,IfcRailing,medium,True,IfcRailing is missing 'IsExternal' in Pset_RailingCommon,Add property 'IsExternal' with default value to Pset_RailingCommon,IsExternal is required by IFC schema for IfcRailing. A safe default is applied.
SC_0218,broken_spatial_containment,IfcSlab,high,True,IfcSlab 'Slab_361' is not contained in any IfcBuildingStorey,Create IfcRelContainedInSpatialStructure linking element to 'Roof Level',Every physical element must be spatially contained for coordination.
SC_0219,missing_property,IfcRoof,medium,True,IfcRoof is missing 'FireRating' in Pset_RoofCommon,Add property 'FireRating' with default value to Pset_RoofCommon,FireRating is required by IFC schema for IfcRoof. A safe default is applied.
SC_0220,missing_property,IfcColumn,high,True,IfcColumn is missing 'LoadBearing' in Pset_ColumnCommon,Add property 'LoadBearing' with default value to Pset_ColumnCommon,LoadBearing is required by IFC schema for IfcColumn. A safe default is applied.
SC_0221,wrong_level_assignment,IfcSpace,medium,False,IfcSpace 'Parking' assigned to 'Level 03' but elevation matches 'Level 05',Reassign space from 'Level 03' to 'Level 05' based on elevation,Space elevation should match its parent storey. Needs verification.
SC_0222,disconnected_storey,IfcBuildingStorey,critical,True,IfcBuildingStorey 'Ground Floor' not aggregated into any IfcBuilding,Create IfcRelAggregates linking storey to building,Storeys must be children of a building in the spatial hierarchy.
SC_0223,missing_material,IfcFooting,medium,False,IfcFooting has no material association via IfcRelAssociatesMaterial,Flag for manual material assignment (suggested: Timber),Material needed for quantity takeoff and analysis. Suggested: Timber.
SC_0224,wrong_level_assignment,IfcSpace,medium,False,IfcSpace 'Meeting Room' assigned to 'Basement 2' but elevation matches 'Roof Level',Reassign space from 'Basement 2' to 'Roof Level' based on elevation,Space elevation should match its parent storey. Needs verification.
SC_0225,wrong_level_assignment,IfcSpace,medium,False,IfcSpace 'Server Room' assigned to 'Basement 2' but elevation matches 'Ground Floor',Reassign space from 'Basement 2' to 'Ground Floor' based on elevation,Space elevation should match its parent storey. Needs verification.
SC_0226,missing_property,IfcDoor,low,True,IfcDoor is missing 'Reference' in Pset_DoorCommon,Add property 'Reference' with default value to Pset_DoorCommon,Reference is required by IFC schema for IfcDoor. A safe default is applied.
SC_0227,geometry_clash,IfcBeam,medium,False,Bounding-box clash between IfcBeam 'Beam_402' and IfcBeam 'Beam_606' (overlap 0.07m),Flag clash for manual resolution between Beam_402 and Beam_606,IfcBeam-IfcBeam intersection detected. Requires design review.
SC_0228,geometry_clash,IfcSlab,high,False,Bounding-box clash between IfcSlab 'Slab_337' and IfcColumn 'Column_841' (overlap 0.15m),Flag clash for manual resolution between Slab_337 and Column_841,IfcSlab-IfcColumn intersection detected. Requires design review.
SC_0229,invalid_reference,IfcDoor,low,True,IfcDoor has OwnerHistory pointing to deleted entity,Reassign OwnerHistory to project default,Broken OwnerHistory causes export failures.
SC_0230,missing_property,IfcColumn,medium,True,IfcColumn is missing 'IsExternal' in Pset_ColumnCommon,Add property 'IsExternal' with default value to Pset_ColumnCommon,IsExternal is required by IFC schema for IfcColumn. A safe default is applied.
SC_0231,wrong_level_assignment,IfcSpace,medium,False,IfcSpace 'Stairwell' assigned to 'Basement 2' but elevation matches 'Roof Level',Reassign space from 'Basement 2' to 'Roof Level' based on elevation,Space elevation should match its parent storey. Needs verification.
SC_0232,missing_property,IfcDoor,low,True,IfcDoor is missing 'SmokeStop' in Pset_DoorCommon,Add property 'SmokeStop' with default value to Pset_DoorCommon,SmokeStop is required by IFC schema for IfcDoor. A safe default is applied.
SC_0233,invalid_parent_child,IfcSpace,high,True,IfcSpace 'Server Room' not aggregated into any storey,Aggregate space into storey 'Basement 2',Spaces must belong to a storey for room-based analysis.
SC_0234,missing_property,IfcDoor,low,True,IfcDoor is missing 'SecurityRating' in Pset_DoorCommon,Add property 'SecurityRating' with default value to Pset_DoorCommon,SecurityRating is required by IFC schema for IfcDoor. A safe default is applied.
SC_0235,naming_inconsistency,IfcWindow,low,True,Multiple IfcWindow entities share name 'Window_001',Set Name to 'Window_315',"All elements need unique, meaningful names for schedules and coordination."
SC_0236,disconnected_storey,IfcBuildingStorey,critical,True,IfcBuildingStorey 'Mezzanine' not aggregated into any IfcBuilding,Create IfcRelAggregates linking storey to building,Storeys must be children of a building in the spatial hierarchy.
SC_0237,broken_spatial_containment,IfcCurtainWall,high,True,IfcCurtainWall 'CurtainWall_228' is not contained in any IfcBuildingStorey,Create IfcRelContainedInSpatialStructure linking element to 'Level 05',Every physical element must be spatially contained for coordination.
SC_0238,missing_material,IfcBeam,medium,False,IfcBeam has no material association via IfcRelAssociatesMaterial,Flag for manual material assignment (suggested: Timber),Material needed for quantity takeoff and analysis. Suggested: Timber.
SC_0239,wrong_level_assignment,IfcSpace,medium,False,IfcSpace 'Mechanical Room' assigned to 'Mezzanine' but elevation matches 'Ground Floor',Reassign space from 'Mezzanine' to 'Ground Floor' based on elevation,Space elevation should match its parent storey. Needs verification.
SC_0240,missing_material,IfcMember,medium,False,IfcMember has no material association via IfcRelAssociatesMaterial,Flag for manual material assignment (suggested: Precast Concrete),Material needed for quantity takeoff and analysis. Suggested: Precast Concrete.
SC_0241,wrong_level_assignment,IfcSpace,medium,False,IfcSpace 'Lobby' assigned to 'Basement 1' but elevation matches 'Level 02',Reassign space from 'Basement 1' to 'Level 02' based on elevation,Space elevation should match its parent storey. Needs verification.
SC_0242,naming_inconsistency,IfcPile,low,True,IfcPile has empty Name attribute,Set Name to 'Pile_419',"All elements need unique, meaningful names for schedules and coordination."
SC_0243,naming_inconsistency,IfcBuildingStorey,medium,True,IfcBuildingStorey has None Name attribute,Set Name to 'BuildingStorey_702',"All elements need unique, meaningful names for schedules and coordination."
SC_0244,wrong_level_assignment,IfcColumn,medium,False,IfcColumn 'Column_381' at z=12.0m assigned to 'Level 03' instead of 'Level 02',Reassign from 'Level 03' to 'Level 02',Element placement doesn't match assigned storey elevation.
SC_0245,missing_material,IfcSlab,medium,False,IfcSlab has no material association via IfcRelAssociatesMaterial,Flag for manual material assignment (suggested: Stone),Material needed for quantity takeoff and analysis. Suggested: Stone.
SC_0246,missing_property,IfcSlab,medium,True,IfcSlab is missing 'FireRating' in Pset_SlabCommon,Add property 'FireRating' with default value to Pset_SlabCommon,FireRating is required by IFC schema for IfcSlab. A safe default is applied.
SC_0247,geometry_clash,IfcSlab,medium,False,Bounding-box clash between IfcSlab 'Slab_493' and IfcWall 'Wall_885' (overlap 0.27m),Flag clash for manual resolution between Slab_493 and Wall_885,IfcSlab-IfcWall intersection detected. Requires design review.
SC_0248,broken_spatial_containment,IfcWall,high,True,IfcWall 'Wall_617' is not contained in any IfcBuildingStorey,Create IfcRelContainedInSpatialStructure linking element to 'Ground Floor',Every physical element must be spatially contained for coordination.
SC_0249,naming_inconsistency,IfcWall,low,True,Multiple IfcWall entities share name 'Wall_001',Set Name to 'Wall_857',"All elements need unique, meaningful names for schedules and coordination."
SC_0250,missing_property,IfcColumn,low,True,IfcColumn is missing 'Reference' in Pset_ColumnCommon,Add property 'Reference' with default value to Pset_ColumnCommon,Reference is required by IFC schema for IfcColumn. A safe default is applied.
SC_0251,missing_material,IfcRoof,medium,False,IfcRoof has no material association via IfcRelAssociatesMaterial,Flag for manual material assignment (suggested: Composite),Material needed for quantity takeoff and analysis. Suggested: Composite.
SC_0252,missing_property,IfcSlab,low,True,IfcSlab is missing 'Combustible' in Pset_SlabCommon,Add property 'Combustible' with default value to Pset_SlabCommon,Combustible is required by IFC schema for IfcSlab. A safe default is applied.
SC_0253,missing_material,IfcRoof,medium,False,IfcRoof has no material association via IfcRelAssociatesMaterial,Flag for manual material assignment (suggested: Timber),Material needed for quantity takeoff and analysis. Suggested: Timber.
SC_0254,geometry_clash,IfcWall,medium,False,Bounding-box clash between IfcWall 'Wall_054' and IfcWall 'Wall_652' (overlap 0.13m),Flag clash for manual resolution between Wall_054 and Wall_652,IfcWall-IfcWall intersection detected. Requires design review.
SC_0255,broken_spatial_containment,IfcRailing,high,True,IfcRailing 'Railing_831' is not contained in any IfcBuildingStorey,Create IfcRelContainedInSpatialStructure linking element to 'Level 01',Every physical element must be spatially contained for coordination.
SC_0256,wrong_level_assignment,IfcSpace,medium,False,IfcSpace 'Office' assigned to 'Level 03' but elevation matches 'Mezzanine',Reassign space from 'Level 03' to 'Mezzanine' based on elevation,Space elevation should match its parent storey. Needs verification.
SC_0257,broken_spatial_containment,IfcRailing,high,True,IfcRailing 'Railing_791' is not contained in any IfcBuildingStorey,Create IfcRelContainedInSpatialStructure linking element to 'Basement 1',Every physical element must be spatially contained for coordination.
SC_0258,missing_property,IfcStair,low,True,IfcStair is missing 'NumberOfTreads' in Pset_StairCommon,Add property 'NumberOfTreads' with default value to Pset_StairCommon,NumberOfTreads is required by IFC schema for IfcStair. A safe default is applied.
SC_0259,wrong_level_assignment,IfcSpace,medium,False,IfcSpace 'Plant Room' assigned to 'Level 05' but elevation matches 'Level 03',Reassign space from 'Level 05' to 'Level 03' based on elevation,Space elevation should match its parent storey. Needs verification.
SC_0260,naming_inconsistency,IfcColumn,low,True,IfcColumn has empty Name attribute,Set Name to 'Column_707',"All elements need unique, meaningful names for schedules and coordination."
SC_0261,missing_property,IfcWall,high,True,IfcWall is missing 'LoadBearing' in Pset_WallCommon,Add property 'LoadBearing' with default value to Pset_WallCommon,LoadBearing is required by IFC schema for IfcWall. A safe default is applied.
SC_0262,wrong_level_assignment,IfcSpace,medium,False,IfcSpace 'Parking' assigned to 'Level 03' but elevation matches 'Basement 2',Reassign space from 'Level 03' to 'Basement 2' based on elevation,Space elevation should match its parent storey. Needs verification.
SC_0263,geometry_clash,IfcWindow,high,False,Bounding-box clash between IfcWindow 'Window_285' and IfcColumn 'Column_586' (overlap 0.14m),Flag clash for manual resolution between Window_285 and Column_586,IfcWindow-IfcColumn intersection detected. Requires design review.
SC_0264,wrong_level_assignment,IfcSpace,medium,False,IfcSpace 'Mechanical Room' assigned to 'Level 01' but elevation matches 'Level 02',Reassign space from 'Level 01' to 'Level 02' based on elevation,Space elevation should match its parent storey. Needs verification.
SC_0265,disconnected_storey,IfcBuildingStorey,critical,True,IfcBuildingStorey 'Penthouse' not aggregated into any IfcBuilding,Create IfcRelAggregates linking storey to building,Storeys must be children of a building in the spatial hierarchy.
SC_0266,missing_property,IfcSlab,low,True,IfcSlab is missing 'Reference' in Pset_SlabCommon,Add property 'Reference' with default value to Pset_SlabCommon,Reference is required by IFC schema for IfcSlab. A safe default is applied.
SC_0267,naming_inconsistency,IfcRailing,low,True,Multiple IfcRailing entities share name 'Railing_001',Set Name to 'Railing_017',"All elements need unique, meaningful names for schedules and coordination."
SC_0268,missing_property,IfcWall,low,True,IfcWall is missing 'Reference' in Pset_WallCommon,Add property 'Reference' with default value to Pset_WallCommon,Reference is required by IFC schema for IfcWall. A safe default is applied.
SC_0269,broken_spatial_containment,IfcDoor,high,True,IfcDoor 'Door_514' is not contained in any IfcBuildingStorey,Create IfcRelContainedInSpatialStructure linking element to 'Penthouse',Every physical element must be spatially contained for coordination.
SC_0270,wrong_level_assignment,IfcDoor,medium,False,IfcDoor 'Door_070' at z=0.0m assigned to 'Level 01' instead of 'Basement 2',Reassign from 'Level 01' to 'Basement 2',Element placement doesn't match assigned storey elevation.
SC_0271,broken_spatial_containment,IfcStair,high,True,IfcStair 'Stair_049' is not contained in any IfcBuildingStorey,Create IfcRelContainedInSpatialStructure linking element to 'Mezzanine',Every physical element must be spatially contained for coordination.
SC_0272,missing_material,IfcPlate,medium,False,IfcPlate has no material association via IfcRelAssociatesMaterial,Flag for manual material assignment (suggested: Aluminium),Material needed for quantity takeoff and analysis. Suggested: Aluminium.
SC_0273,geometry_clash,IfcDoor,medium,False,Bounding-box clash between IfcDoor 'Door_215' and IfcWall 'Wall_806' (overlap 0.21m),Flag clash for manual resolution between Door_215 and Wall_806,IfcDoor-IfcWall intersection detected. Requires design review.
SC_0274,missing_material,IfcColumn,medium,False,IfcColumn has no material association via IfcRelAssociatesMaterial,Flag for manual material assignment (suggested: Composite),Material needed for quantity takeoff and analysis. Suggested: Composite.
SC_0275,invalid_parent_child,IfcSpace,high,True,IfcSpace 'Corridor' not aggregated into any storey,Aggregate space into storey 'Ground Floor',Spaces must belong to a storey for room-based analysis.
SC_0276,wrong_level_assignment,IfcSpace,medium,False,IfcSpace 'Storage' assigned to 'Mezzanine' but elevation matches 'Level 03',Reassign space from 'Mezzanine' to 'Level 03' based on elevation,Space elevation should match its parent storey. Needs verification.
SC_0277,wrong_level_assignment,IfcSpace,medium,False,IfcSpace 'Server Room' assigned to 'Level 04' but elevation matches 'Basement 2',Reassign space from 'Level 04' to 'Basement 2' based on elevation,Space elevation should match its parent storey. Needs verification.
SC_0278,broken_spatial_containment,IfcRamp,high,True,IfcRamp 'Ramp_247' is not contained in any IfcBuildingStorey,Create IfcRelContainedInSpatialStructure linking element to 'Roof Level',Every physical element must be spatially contained for coordination.
SC_0279,naming_inconsistency,IfcDoor,low,True,Multiple IfcDoor entities share name 'Door_001',Set Name to 'Door_411',"All elements need unique, meaningful names for schedules and coordination."
SC_0280,missing_property,IfcWall,low,True,IfcWall is missing 'ThermalTransmittance' in Pset_WallCommon,Add property 'ThermalTransmittance' with default value to Pset_WallCommon,ThermalTransmittance is required by IFC schema for IfcWall. A safe default is applied.
SC_0281,missing_material,IfcWall,medium,False,IfcWall has no material association via IfcRelAssociatesMaterial,Flag for manual material assignment (suggested: Stone),Material needed for quantity takeoff and analysis. Suggested: Stone.
SC_0282,missing_property,IfcCurtainWall,medium,True,IfcCurtainWall is missing 'IsExternal' in Pset_CurtainWallCommon,Add property 'IsExternal' with default value to Pset_CurtainWallCommon,IsExternal is required by IFC schema for IfcCurtainWall. A safe default is applied.
SC_0283,wrong_level_assignment,IfcSpace,medium,False,IfcSpace 'Elevator Shaft' assigned to 'Level 05' but elevation matches 'Roof Level',Reassign space from 'Level 05' to 'Roof Level' based on elevation,Space elevation should match its parent storey. Needs verification.
SC_0284,wrong_level_assignment,IfcSpace,medium,False,IfcSpace 'Plant Room' assigned to 'Ground Floor' but elevation matches 'Level 04',Reassign space from 'Ground Floor' to 'Level 04' based on elevation,Space elevation should match its parent storey. Needs verification.
SC_0285,invalid_parent_child,IfcSpace,high,True,IfcSpace 'Meeting Room' not aggregated into any storey,Aggregate space into storey 'Roof Level',Spaces must belong to a storey for room-based analysis.
SC_0286,missing_material,IfcColumn,medium,False,IfcColumn has no material association via IfcRelAssociatesMaterial,Flag for manual material assignment (suggested: Glass),Material needed for quantity takeoff and analysis. Suggested: Glass.
SC_0287,missing_property,IfcColumn,medium,True,IfcColumn is missing 'FireRating' in Pset_ColumnCommon,Add property 'FireRating' with default value to Pset_ColumnCommon,FireRating is required by IFC schema for IfcColumn. A safe default is applied.
SC_0288,naming_inconsistency,IfcRamp,low,True,IfcRamp has None Name attribute,Set Name to 'Ramp_183',"All elements need unique, meaningful names for schedules and coordination."
SC_0289,wrong_level_assignment,IfcWall,medium,False,IfcWall 'Wall_431' at z=18.0m assigned to 'Roof Level' instead of 'Level 04',Reassign from 'Roof Level' to 'Level 04',Element placement doesn't match assigned storey elevation.
SC_0290,geometry_clash,IfcSlab,high,False,Bounding-box clash between IfcSlab 'Slab_405' and IfcColumn 'Column_694' (overlap 0.28m),Flag clash for manual resolution between Slab_405 and Column_694,IfcSlab-IfcColumn intersection detected. Requires design review.
SC_0291,invalid_reference,IfcColumn,low,True,IfcColumn has OwnerHistory pointing to deleted entity,Reassign OwnerHistory to project default,Broken OwnerHistory causes export failures.
SC_0292,invalid_reference,IfcCurtainWall,low,True,IfcCurtainWall has OwnerHistory pointing to deleted entity,Reassign OwnerHistory to project default,Broken OwnerHistory causes export failures.
SC_0293,missing_property,IfcWindow,medium,True,IfcWindow is missing 'FireRating' in Pset_WindowCommon,Add property 'FireRating' with default value to Pset_WindowCommon,FireRating is required by IFC schema for IfcWindow. A safe default is applied.
SC_0294,missing_material,IfcMember,medium,False,IfcMember has no material association via IfcRelAssociatesMaterial,Flag for manual material assignment (suggested: Composite),Material needed for quantity takeoff and analysis. Suggested: Composite.
SC_0295,missing_property,IfcRoof,low,True,IfcRoof is missing 'Reference' in Pset_RoofCommon,Add property 'Reference' with default value to Pset_RoofCommon,Reference is required by IFC schema for IfcRoof. A safe default is applied.
SC_0296,naming_inconsistency,IfcWindow,low,True,IfcWindow has None Name attribute,Set Name to 'Window_587',"All elements need unique, meaningful names for schedules and coordination."
SC_0297,geometry_clash,IfcBeam,high,False,Bounding-box clash between IfcBeam 'Beam_341' and IfcColumn 'Column_858' (overlap 0.1m),Flag clash for manual resolution between Beam_341 and Column_858,IfcBeam-IfcColumn intersection detected. Requires design review.
SC_0298,missing_property,IfcBeam,medium,True,IfcBeam is missing 'IsExternal' in Pset_BeamCommon,Add property 'IsExternal' with default value to Pset_BeamCommon,IsExternal is required by IFC schema for IfcBeam. A safe default is applied.
SC_0299,invalid_parent_child,IfcSpace,high,True,IfcSpace 'Bathroom' not aggregated into any storey,Aggregate space into storey 'Level 01',Spaces must belong to a storey for room-based analysis.
SC_0300,wrong_level_assignment,IfcSpace,medium,False,IfcSpace 'Reception' assigned to 'Basement 1' but elevation matches 'Level 05',Reassign space from 'Basement 1' to 'Level 05' based on elevation,Space elevation should match its parent storey. Needs verification.
SC_0301,naming_inconsistency,IfcFooting,low,True,IfcFooting has empty Name attribute,Set Name to 'Footing_147',"All elements need unique, meaningful names for schedules and coordination."
SC_0302,wrong_level_assignment,IfcSpace,medium,False,IfcSpace 'Corridor' assigned to 'Level 04' but elevation matches 'Mezzanine',Reassign space from 'Level 04' to 'Mezzanine' based on elevation,Space elevation should match its parent storey. Needs verification.
SC_0303,invalid_parent_child,IfcSpace,high,True,IfcSpace 'Elevator Shaft' not aggregated into any storey,Aggregate space into storey 'Basement 2',Spaces must belong to a storey for room-based analysis.
SC_0304,disconnected_storey,IfcBuildingStorey,critical,True,IfcBuildingStorey 'Level 03' not aggregated into any IfcBuilding,Create IfcRelAggregates linking storey to building,Storeys must be children of a building in the spatial hierarchy.
SC_0305,naming_inconsistency,IfcFooting,low,True,IfcFooting has None Name attribute,Set Name to 'Footing_606',"All elements need unique, meaningful names for schedules and coordination."
SC_0306,geometry_clash,IfcColumn,high,False,Bounding-box clash between IfcColumn 'Column_422' and IfcColumn 'Column_688' (overlap 0.16m),Flag clash for manual resolution between Column_422 and Column_688,IfcColumn-IfcColumn intersection detected. Requires design review.
SC_0307,missing_property,IfcDoor,medium,True,IfcDoor is missing 'IsExternal' in Pset_DoorCommon,Add property 'IsExternal' with default value to Pset_DoorCommon,IsExternal is required by IFC schema for IfcDoor. A safe default is applied.
SC_0308,broken_spatial_containment,IfcBeam,high,True,IfcBeam 'Beam_199' is not contained in any IfcBuildingStorey,Create IfcRelContainedInSpatialStructure linking element to 'Basement 2',Every physical element must be spatially contained for coordination.
SC_0309,broken_spatial_containment,IfcSlab,high,True,IfcSlab 'Slab_595' is not contained in any IfcBuildingStorey,Create IfcRelContainedInSpatialStructure linking element to 'Mezzanine',Every physical element must be spatially contained for coordination.
SC_0310,naming_inconsistency,IfcBeam,low,True,IfcBeam has None Name attribute,Set Name to 'Beam_940',"All elements need unique, meaningful names for schedules and coordination."
SC_0311,naming_inconsistency,IfcDoor,low,True,IfcDoor has empty Name attribute,Set Name to 'Door_736',"All elements need unique, meaningful names for schedules and coordination."
SC_0312,missing_material,IfcBeam,medium,False,IfcBeam has no material association via IfcRelAssociatesMaterial,Flag for manual material assignment (suggested: Stone),Material needed for quantity takeoff and analysis. Suggested: Stone.
SC_0313,missing_property,IfcDoor,low,True,IfcDoor is missing 'FireExit' in Pset_DoorCommon,Add property 'FireExit' with default value to Pset_DoorCommon,FireExit is required by IFC schema for IfcDoor. A safe default is applied.
SC_0314,wrong_level_assignment,IfcSpace,medium,False,IfcSpace 'Corridor' assigned to 'Level 05' but elevation matches 'Ground Floor',Reassign space from 'Level 05' to 'Ground Floor' based on elevation,Space elevation should match its parent storey. Needs verification.
SC_0315,missing_property,IfcWall,low,True,IfcWall is missing 'Combustible' in Pset_WallCommon,Add property 'Combustible' with default value to Pset_WallCommon,Combustible is required by IFC schema for IfcWall. A safe default is applied.
SC_0316,missing_property,IfcDoor,low,True,IfcDoor is missing 'HandicapAccessible' in Pset_DoorCommon,Add property 'HandicapAccessible' with default value to Pset_DoorCommon,HandicapAccessible is required by IFC schema for IfcDoor. A safe default is applied.
SC_0317,missing_property,IfcWall,medium,True,IfcWall is missing 'IsExternal' in Pset_WallCommon,Add property 'IsExternal' with default value to Pset_WallCommon,IsExternal is required by IFC schema for IfcWall. A safe default is applied.
SC_0318,geometry_clash,IfcWall,high,False,Bounding-box clash between IfcWall 'Wall_161' and IfcColumn 'Column_591' (overlap 0.19m),Flag clash for manual resolution between Wall_161 and Column_591,IfcWall-IfcColumn intersection detected. Requires design review.
SC_0319,disconnected_storey,IfcBuildingStorey,critical,True,IfcBuildingStorey 'Level 05' not aggregated into any IfcBuilding,Create IfcRelAggregates linking storey to building,Storeys must be children of a building in the spatial hierarchy.
SC_0320,missing_property,IfcRoof,medium,True,IfcRoof is missing 'IsExternal' in Pset_RoofCommon,Add property 'IsExternal' with default value to Pset_RoofCommon,IsExternal is required by IFC schema for IfcRoof. A safe default is applied.
SC_0321,geometry_clash,IfcBeam,high,False,Bounding-box clash between IfcBeam 'Beam_166' and IfcColumn 'Column_925' (overlap 0.27m),Flag clash for manual resolution between Beam_166 and Column_925,IfcBeam-IfcColumn intersection detected. Requires design review.
SC_0322,missing_property,IfcStair,low,True,IfcStair is missing 'NumberOfRiser' in Pset_StairCommon,Add property 'NumberOfRiser' with default value to Pset_StairCommon,NumberOfRiser is required by IFC schema for IfcStair. A safe default is applied.
